date,symbol,entryPrice,exitPrice,pnl,solIn,heldMin,exitReason
2026-03-29T14:34:12.034Z,LetGo,3.691e-7,3.3025591614949586e-7,-10.52%,0.015 SOL,1.0min,Rapid bleed -10.5%
2026-03-29T15:15:21.009Z,MEMEHUB,0.000003328,0.000003092887919725977,-7.06%,0.015 SOL,0.8min,Rapid bleed -7.1%
2026-03-29T16:19:58.869Z,TORA,8.633e-7,8.038013654436273e-7,-6.89%,0.015 SOL,1.5min,Rapid bleed -6.9%
2026-03-29T16:35:58.923Z,Hyena,5.3e-7,4.6348853484739585e-7,-12.55%,0.015 SOL,0.9min,Stop loss -12.5%
2026-03-29T17:50:29.198Z,LDAR,0.000001198,0.000001109763307865211,-7.37%,0.015 SOL,0.2min,Rapid bleed -7.4%
2026-03-29T18:31:29.343Z,kek,5.07e-7,4.6429708026000644e-7,-8.42%,0.015 SOL,4.4min,Rapid bleed -8.4%
2026-03-29T19:21:59.480Z,RAM,4.205e-7,3.9370854402626036e-7,-6.37%,0.015 SOL,4.0min,Rapid bleed -6.4%
2026-03-29T21:28:55.947Z,Jesus,3.436e-7,2.8969374180611354e-7,-15.69%,0.015 SOL,1.1min,Stop loss -15.7%
2026-03-29T21:39:46.000Z,WhiteWolf,0.000001398,0.0000013059184041267023,-6.59%,0.015 SOL,5.7min,Rapid bleed -6.6%
2026-03-29T21:44:06.015Z,MEMEBOOBS,5.004e-7,4.130835371665479e-7,-17.45%,0.015 SOL,0.4min,Stop loss -17.4%
2026-03-29T22:44:26.170Z,KITNAPPED,5.925e-7,4.1977045159512773e-7,-29.15%,0.015 SOL,0.1min,Stop loss -29.2%
2026-03-29T23:57:03.212Z,SUGMI,7.164e-7,8.429496740365663e-7,17.66%,0.015 SOL,0.5min,TP1 +17.7%
2026-03-29T23:57:33.195Z,SUGMI,7.164e-7,8.634325723364093e-7,20.52%,0.015 SOL,1.0min,TP2 +20.5%
2026-03-30T00:00:43.195Z,SUGMI,7.164e-7,0.0000011110249662217399,55.08%,0.015 SOL,4.2min,TP3 +55.1%
2026-03-30T02:14:33.625Z,JDWOID,0.0000138,0.0000015871840317436808,-88.50%,0.015 SOL,12.0min,Stop loss -88.5%
2026-03-30T03:38:04.075Z,Ahh,5.276e-7,5.078150011537557e-7,-3.75%,0.015 SOL,0.1min,Fast dump -3.7%
2026-03-30T03:57:44.064Z,PAWEE,0.000001911,0.000001806850514635489,-5.45%,0.015 SOL,0.0min,Fast dump -5.4%
2026-03-30T04:34:14.151Z,BOOBE,0.000004534,0.000004278917171980968,-5.63%,0.015 SOL,0.4min,Fast dump -6.2%
2026-03-30T05:58:14.389Z,日本化,5.666e-7,4.635354615506806e-7,-18.19%,0.015 SOL,0.6min,Fast dump -17.3%
2026-03-30T05:58:44.389Z,kek,0.000001452,0.000001712024162054429,17.91%,0.015 SOL,1.0min,TP1 +17.9%
2026-03-30T05:59:14.387Z,kek,0.000001452,0.0000017907032145302776,23.33%,0.015 SOL,1.5min,TP2 +23.3%
2026-03-30T06:00:24.394Z,kek,0.000001452,0.0000017471754969510418,20.33%,0.015 SOL,2.6min,Fast dump -5.1%
2026-03-30T12:43:55.572Z,DogeChan,5.941e-7,5.98377520029121e-7,0.72%,0.015 SOL,1.7min,Fast dump -3.3%
2026-03-30T15:09:44.690Z,1 SOL,5.122e-7,5.124595160106771e-7,0.05%,0.015 SOL,1.3min,Fast dump -5.5%
2026-03-30T16:03:07.248Z,Anime,7.108e-7,7.826666207016e-7,10.11%,0.015 SOL,2.1min,TP1 +10.1%
2026-03-30T16:04:27.283Z,Anime,7.108e-7,8.646035861268276e-7,21.64%,0.015 SOL,3.5min,TP2 +21.6%
2026-03-30T16:05:57.245Z,Anime,7.108e-7,9.084655917590921e-7,27.81%,0.015 SOL,5.0min,Fast dump -5.6%
2026-03-30T19:54:01.215Z,DOOMER,6.959e-7,6.647422402626308e-7,-4.48%,0.015 SOL,0.2min,Fast dump -4.4%
2026-03-30T23:15:04.530Z,MMI6900,0.01,4.0000000000000003e-7,-100.00%,0.01 SOL,0.3min,Stop loss -100.0%
2026-03-30T23:15:27.820Z,MMI6900,0.01,8.000000000000001e-7,-99.99%,0.01 SOL,0.7min,Stop loss -100.0%
2026-03-31T01:45:22.956Z,DOGHEAD,2.699e-7,2.3430918671243507e-7,-13.19%,0.015 SOL,3.6min,Stop loss -13.2%
2026-03-31T02:29:22.971Z,MOONERS,0.000001819,0.0000016583095540514096,-8.83%,0.015 SOL,2.8min,Rapid bleed -8.8%
2026-03-31T02:55:53.111Z,Mark,5.829e-7,5.468340351844425e-7,-6.19%,0.015 SOL,0.0min,Rapid bleed -6.2%
2026-03-31T03:31:13.137Z,パンチ,4.924e-7,5.675861988302474e-7,15.27%,0.015 SOL,2.3min,TP1 +15.3%
2026-03-31T03:32:33.139Z,パンチ,4.924e-7,5.059792980049062e-7,2.76%,0.015 SOL,3.6min,Trail -16.5% from peak
2026-03-31T03:51:23.207Z,Praying,0.000001285,0.0000011941933385479777,-7.07%,0.015 SOL,1.1min,Rapid bleed -7.1%
2026-03-31T03:53:53.204Z,CAPULET,9.278e-7,8.716557309766948e-7,-6.05%,0.015 SOL,0.4min,Rapid bleed -6.1%
2026-03-31T04:58:43.398Z,パンチ,4.501e-7,3.8948053283738317e-7,-13.47%,0.015 SOL,14.5min,Stop loss -13.5%
2026-03-31T13:43:07.106Z,BIP360,6.052e-7,5.424044496821771e-7,-10.38%,0.015 SOL,1.0min,Rapid bleed -10.4%
2026-03-31T14:10:37.283Z,Moon ,5.456e-7,6.593612378537891e-7,20.85%,0.015 SOL,0.8min,TP1 +20.9%
2026-03-31T14:24:07.184Z,Moon ,5.456e-7,6.530165184462421e-7,19.69%,0.015 SOL,14.3min,Trail -15.3% from peak
2026-03-31T14:44:27.605Z,SAFEPUMP,5.563e-7,6.447887870569788e-7,15.91%,0.015 SOL,0.2min,TP1 +15.9%
2026-03-31T14:47:17.261Z,SLOF,0.000001098,0.0000010834771268042363,-1.32%,0.015 SOL,30.1min,Time stop 30.1min
2026-03-31T14:49:37.408Z,SAFEPUMP,5.563e-7,8.347528770136282e-7,50.05%,0.015 SOL,5.3min,TP2 +50.1%
2026-03-31T14:49:37.714Z,SLOTH,0.00000129,0.0000011532686076115728,-10.60%,0.015 SOL,0.3min,Rapid bleed -10.6%
2026-03-31T15:12:47.414Z,SAFEPUMP,7.847e-7,7.158870441085888e-7,-8.77%,0.015 SOL,2.9min,Rapid bleed -8.8%
2026-03-31T15:25:47.429Z,GODWHEEL,2.12e-7,2.2472000025767894e-10,-99.89%,0.015 SOL,0.1min,Stop loss -99.9%
2026-03-31T16:01:17.465Z,SIGMA,8.468e-7,0.0000010323564652260053,21.91%,0.015 SOL,2.1min,TP1 +21.9%
2026-03-31T16:01:27.618Z,MAYA,0.000001701,0.0000015707601092046543,-7.66%,0.015 SOL,0.4min,Rapid bleed -7.7%
2026-03-31T16:04:37.473Z,SIGMA,8.468e-7,0.0000012864021090965374,51.91%,0.015 SOL,5.4min,TP2 +51.9%
2026-03-31T16:15:06.119Z,BB,4.303e-7,4.962363035940228e-7,15.32%,0.015 SOL,0.7min,TP1 +15.3%
2026-03-31T16:15:46.136Z,BB,4.303e-7,4.068629943251749e-7,-5.45%,0.015 SOL,1.3min,Trail -18.1% from peak
2026-03-31T16:24:06.137Z,MAYA,0.000001792,0.000001564057602669325,-12.72%,0.015 SOL,1.0min,Stop loss -12.7%
2026-03-31T16:33:16.127Z,BB,3.356e-7,3.876247124000287e-7,15.50%,0.015 SOL,2.8min,TP1 +15.5%
2026-03-31T16:36:46.197Z,BB,3.356e-7,5.255309564898327e-7,56.59%,0.015 SOL,6.3min,TP2 +56.6%
2026-03-31T16:43:26.278Z,Chicky,5.619e-7,4.001701972629371e-7,-28.78%,0.015 SOL,0.0min,Stop loss -28.8%
2026-03-31T16:56:06.494Z,SIGMA,0.000001049,0.0000012125880616274357,15.59%,0.015 SOL,1.5min,TP1 +15.6%
2026-03-31T16:56:36.220Z,BB,3.059e-7,3.557270317661345e-7,16.29%,0.015 SOL,5.6min,TP1 +16.3%
2026-03-31T16:58:16.223Z,BB,3.059e-7,4.775234961365424e-7,56.10%,0.015 SOL,7.3min,TP2 +56.1%
2026-03-31T16:59:36.251Z,SIGMA,0.000001049,0.0000010476129911703571,-0.13%,0.015 SOL,5.0min,Trail -13.8% from peak
2026-03-31T17:01:16.270Z,BB,4.835e-7,4.5357457335903595e-7,-6.19%,0.015 SOL,0.2min,Rapid bleed -6.2%
2026-03-31T17:11:36.402Z,Kuren,4.944e-7,5.82396608484554e-7,17.80%,0.015 SOL,3.9min,TP1 +17.8%
2026-03-31T17:11:36.587Z,BALLTZE,0.000001874,0.0000017206068626704935,-8.19%,0.015 SOL,0.1min,Rapid bleed -8.2%
2026-03-31T17:17:56.300Z,Kuren,4.944e-7,7.693633106878722e-7,55.62%,0.015 SOL,10.3min,TP2 +55.6%
2026-03-31T17:28:06.360Z,Kuren,7.744e-7,7.229798404010127e-7,-6.64%,0.015 SOL,0.3min,Rapid bleed -6.6%
2026-03-31T17:34:16.355Z,STRC,5.373e-7,5.00677632014019e-7,-6.82%,0.015 SOL,3.2min,Rapid bleed -6.8%
2026-03-31T17:53:50.699Z,BB,4.615e-7,4.318778541179114e-7,-6.42%,0.015 SOL,1.0min,Rapid bleed -6.4%
2026-03-31T18:03:30.730Z,ClawCode,3.685e-7,3.3946465744743536e-7,-7.88%,0.015 SOL,0.6min,Rapid bleed -7.9%
2026-03-31T18:41:00.838Z,Chicky,0.000001495,0.0000012355975686436228,-17.35%,0.015 SOL,4.6min,Stop loss -17.4%
2026-03-31T20:01:31.102Z,Esoteric,8.346e-7,7.698239130315641e-7,-7.76%,0.015 SOL,8.0min,Rapid bleed -7.8%
2026-04-02T13:15:46.286Z,SIP360,0.000001944,0.000001809514099397991,-6.92%,0.015 SOL,1.1min,Rapid bleed -6.9%
2026-04-02T13:19:56.056Z,CLAWBS,0.000002061,4.259812245920776e-7,-79.33%,0.015 SOL,24.1min,Stop loss -79.3%
2026-04-02T13:46:14.519Z,SIP360,0.000002187,0.0000020050853582462766,-8.32%,0.015 SOL,0.5min,Rapid bleed -8.3%
2026-04-02T13:49:54.552Z,Piece,0.000003342,0.000003026648907724104,-9.44%,0.015 SOL,1.3min,Rapid bleed -9.4%
2026-04-02T14:05:04.613Z,ROOTS,4.972e-7,4.4139095876932524e-7,-11.22%,0.015 SOL,4.5min,Rapid bleed -11.2%
2026-04-02T14:23:17.759Z,NASA,0.00001055,0.000009537340987757147,-9.60%,0.015 SOL,2.1min,Rapid bleed -9.6%
2026-04-02T14:39:52.975Z,Mario Galaxy,0.000002922,0.0000033978574571252015,16.29%,0.015 SOL,2.9min,TP1 +16.3%
2026-04-02T14:40:37.821Z,Mario Galaxy,0.000002922,0.000002906351100186583,-0.54%,0.015 SOL,3.6min,Trail -15.3% from peak
2026-04-02T14:45:28.123Z,Mario Galaxy,0.000003078,0.0000028577588675487956,-7.16%,0.015 SOL,3.4min,Rapid bleed -7.2%
2026-04-02T15:08:12.246Z,SPIN,0.000001254,0.0000014172373704308672,13.02%,0.015 SOL,3.0min,TP1 +13.0%
2026-04-02T15:13:07.422Z,萌萌,0.000001683,0.000001178997609455561,-29.95%,0.015 SOL,1.1min,Kill switch -29.9%
2026-04-02T15:38:12.464Z,SPIN,0.000001254,0.0000013772403511456419,9.83%,0.015 SOL,33.0min,Time stop 33.0min
2026-04-02T17:50:08.361Z,SPIN,0.000002074,0.0000023407717251743684,12.86%,0.015 SOL,7.6min,TP1 +12.9%
2026-04-02T17:55:33.368Z,SPIN,0.000002074,0.0000021030360457059836,1.40%,0.015 SOL,13.0min,Trail -12.0% from peak
2026-04-02T18:13:03.481Z,SPIN,0.0000023,0.0000021437840100043253,-6.79%,0.015 SOL,8.5min,Rapid bleed -6.8%
2026-04-02T18:16:43.541Z,DOUG,8.737e-7,8.14597108621483e-7,-6.76%,0.015 SOL,6.1min,Rapid bleed -6.8%
2026-04-02T20:12:24.190Z,FSP,0.00001342,0.00001504704112702236,12.12%,0.015 SOL,14.3min,TP1 +12.1%
2026-04-02T20:15:39.458Z,RPU,0.000001274,0.0000011517129911046007,-9.60%,0.015 SOL,1.7min,Rapid bleed -9.6%
2026-04-02T20:32:29.572Z,PUG,9.535e-7,0.0000010756306414066124,12.81%,0.015 SOL,0.5min,TP1 +12.8%
2026-04-02T20:33:24.576Z,PUG,9.535e-7,9.385300581130708e-7,-1.57%,0.015 SOL,1.4min,Trail -12.7% from peak
2026-04-02T20:56:44.731Z,PUG,0.000001148,0.0000010409298738837803,-9.33%,0.015 SOL,0.2min,Rapid bleed -9.3%
2026-04-02T21:43:54.814Z,FSP,0.00001342,0.000020166235039681453,50.27%,0.015 SOL,105.8min,TP2 +50.3%
2026-04-02T22:58:48.334Z,TIGER,0.000001344,0.0000016067699323399933,19.55%,0.015 SOL,1.1min,TP1 +19.6%
2026-04-02T23:10:03.160Z,TIGER,0.000001344,0.000001482790415816431,10.33%,0.015 SOL,12.4min,Trail -15.9% from peak
2026-04-02T23:47:53.442Z,PFP,0.000003894,0.0000036432004620049313,-6.44%,0.015 SOL,5.5min,Rapid bleed -6.4%
2026-04-03T01:33:04.128Z,HEART,0.000001666,0.0000019301165420317252,15.85%,0.015 SOL,4.4min,TP1 +15.9%
2026-04-03T01:39:54.155Z,HEART,0.000001666,0.0000018416519552694543,10.54%,0.015 SOL,11.2min,Trail -15.9% from peak
2026-04-03T04:08:10.709Z,BICHIMAO,0.000002789,0.0000022444570808871556,-19.52%,0.015 SOL,0.1min,Stop loss -19.5%
2026-04-03T05:35:56.240Z,RPU,0.00001714,0.000016386983746022663,-4.39%,0.015 SOL,0.0min,Ultra-fast reject -4.4%
2026-04-03T11:32:28.438Z,LEPE,0.000001373,0.0000015844694732989805,15.40%,0.015 SOL,7.1min,TP1 +15.4%
2026-04-03T11:35:33.504Z,LEPE,0.000001373,0.0000013682250267696864,-0.35%,0.015 SOL,10.2min,Trail -13.6% from peak
2026-04-03T15:52:24.574Z,CJ,0.000001652,0.000001916496223401327,16.01%,0.015 SOL,4.8min,TP1 +16.0%
2026-04-03T16:01:40.007Z,CJ,0.000001652,0.0000017616194064334533,6.64%,0.015 SOL,14.0min,Trail -15.3% from peak
2026-04-06T20:56:32.339Z,conviction,8.293e-7,7.973512191118455e-7,-3.85%,0.02 SOL,0.1min,Ultra-fast reject -3.9%
2026-04-06T21:22:37.630Z,FNJ,0.000001837,0.0000016238437164156215,-11.60%,0.02 SOL,5.4min,Slow bleed -11.6%
2026-04-06T23:51:58.461Z,SPARK,0.000001455,0.0000016970465333155282,16.64%,0.02 SOL,1.2min,TP1 +16.6%
2026-04-06T23:53:48.485Z,SPARK,0.000001455,0.000001709261261484099,17.48%,0.02 SOL,3.0min,Trail -15.1% from peak
2026-04-07T03:39:55.043Z,KOMARI,8.461e-7,7.497842085401629e-7,-11.38%,0.02 SOL,0.1min,Ultra-fast reject -11.4%
2026-04-07T03:51:55.120Z,Iroha,0.000001168,0.0000011280368846926335,-3.42%,0.02 SOL,0.0min,Ultra-fast reject -3.4%
2026-04-07T04:59:35.468Z,Homer,0.000001129,0.0000013332361038530524,18.09%,0.02 SOL,6.6min,TP1 +18.1%
2026-04-07T05:01:30.479Z,Homer,0.000001129,9.923815926673181e-7,-12.10%,0.02 SOL,8.5min,Slow bleed -12.1%
2026-04-07T05:08:50.542Z,XANA,0.000001198,0.0000011118937512008453,-7.19%,0.02 SOL,1.3min,Rapid bleed -7.2%
2026-04-07T05:48:25.963Z,BabyTrump,0.000005909,0.0000070220784470580475,18.84%,0.02 SOL,9.8min,TP1 +18.8%
2026-04-07T05:50:15.810Z,BabyTrump,0.000005909,0.000005898019322824636,-0.19%,0.02 SOL,11.6min,Trail -16.0% from peak
2026-04-07T06:08:26.224Z,Socks,0.00002486,0.000022218998708771552,-10.62%,0.02 SOL,0.1min,Ultra-fast reject -10.6%
2026-04-07T08:01:03.851Z,Pumpverse,0.000001347,0.0000012279454089724035,-8.84%,0.02 SOL,18.0min,Slow bleed -8.8%
2026-04-07T08:37:59.198Z,pussies,0.000002488,0.0000022582332025292213,-9.23%,0.02 SOL,0.1min,Ultra-fast reject -9.2%
2026-04-07T08:46:19.130Z,Aspen,0.000001219,0.0000011553316366316036,-5.22%,0.02 SOL,0.6min,Ultra-fast reject -5.2%
2026-04-07T17:10:58.754Z,Tremp,0.000001099,0.0000012873960783536669,17.14%,0.02 SOL,0.9min,TP1 +17.1%
2026-04-07T17:11:08.629Z,Tremp,0.000001099,0.0000010667901503076669,-2.93%,0.02 SOL,1.1min,Trail -17.1% from peak
2026-04-07T17:35:28.777Z,cortiSOL,0.000001373,0.0000012463888126092036,-9.22%,0.02 SOL,7.7min,Slow bleed -9.2%
2026-04-07T18:10:13.956Z,Puff,0.000001236,0.0000011879690453933794,-3.89%,0.02 SOL,0.3min,Ultra-fast reject -3.9%
2026-04-07T18:15:14.131Z,USDT,0.000001053,9.989811014035685e-7,-5.13%,0.02 SOL,0.1min,Ultra-fast reject -5.1%
2026-04-07T19:13:59.571Z,SHIRO,0.000001721,0.0000020160310462895307,17.14%,0.02 SOL,1.2min,TP1 +17.1%
2026-04-07T19:17:09.439Z,SHIRO,0.000001721,0.0000018095454750018869,5.15%,0.02 SOL,4.4min,Trail -15.8% from peak
2026-04-07T19:45:29.627Z,HYRE,9.648e-7,9.302842803944405e-7,-3.58%,0.02 SOL,0.1min,Ultra-fast reject -3.6%
2026-04-07T20:33:55.107Z,TRUMP2,0.000007301,0.000008418381772001665,15.30%,0.02 SOL,8.6min,TP1 +15.3%
2026-04-07T21:34:40.452Z,TRUMP2,0.000007301,0.000010962147887390892,50.15%,0.02 SOL,69.4min,TP2 +50.1%
2026-04-07T22:03:05.623Z,YUKA,0.000001726,0.0000014654171519783131,-15.10%,0.02 SOL,1.1min,Rapid bleed -15.1%
2026-04-08T04:26:17.430Z,CLAWD,0.000001821,0.0000021026540865794276,15.47%,0.02 SOL,3.8min,TP1 +15.5%
2026-04-08T04:31:17.483Z,CLAWD,0.000001821,0.0000020737244600575635,13.88%,0.02 SOL,8.8min,Trail -9.0% from peak
2026-04-08T04:49:07.589Z,TACO,0.000008598,0.00000828167977238342,-3.68%,0.02 SOL,0.3min,Ultra-fast reject -3.7%
2026-04-08T05:36:32.910Z,OPAL,7.982e-7,7.464886144272862e-7,-6.48%,0.02 SOL,0.4min,Ultra-fast reject -6.5%
2026-04-08T05:45:12.990Z,BabyVance,0.0000251,0.00002408458098120173,-4.05%,0.02 SOL,0.1min,Ultra-fast reject -4.0%
2026-04-08T06:25:08.209Z,TINYCOIN,0.000001606,0.0000013841311027267384,-13.81%,0.02 SOL,3.1min,Standard bleed -13.8%
2026-04-08T07:13:58.572Z,OUTLAST,0.000001363,0.0000011645949055298908,-14.56%,0.02 SOL,7.8min,Slow bleed -14.6%
2026-04-08T16:35:13.043Z,Shiro,0.00000135,0.0000012985447512985448,-3.81%,0.02 SOL,0.1min,Ultra-fast reject -3.8%
2026-04-08T16:43:23.142Z,BBL,0.000001111,0.0000010309913395827565,-7.20%,0.02 SOL,0.1min,Ultra-fast reject -7.2%
2026-04-08T17:24:43.408Z,HORMUZ,0.000001778,0.0000020586128547142236,15.78%,0.02 SOL,4.8min,TP1 +15.8%
2026-04-08T17:26:13.425Z,HORMUZ,0.000001778,0.000001923884915807921,8.21%,0.02 SOL,6.3min,Trail -9.4% from peak
2026-04-08T17:51:03.598Z,SIM,0.000007748,0.000007432772637689998,-4.07%,0.02 SOL,1.1min,Rapid bleed -4.1%
2026-04-08T17:59:53.919Z,ASTRA,7.855e-7,7.575401303900156e-7,-3.56%,0.02 SOL,0.4min,Ultra-fast reject -3.6%
2026-04-08T18:06:13.706Z,AOW,0.000005973,0.000005732377760836358,-4.03%,0.02 SOL,1.9min,Rapid bleed -4.0%
2026-04-09T02:34:58.969Z,Cupsey,0.000001468,0.000001698123680203775,15.68%,0.02 SOL,0.3min,TP1 +15.7%
2026-04-09T02:35:08.959Z,Cupsey,0.000001468,0.0000015373997039459924,4.73%,0.02 SOL,0.5min,Trail -9.5% from peak
2026-04-09T05:11:50.025Z,KUNEKUNE,0.000005646,0.000004926643214687911,-12.74%,0.02 SOL,1.2min,Rapid bleed -12.7%
2026-04-09T07:59:56.174Z,HOPPY,0.000002136,0.0000020628420176579276,-3.42%,0.02 SOL,0.1min,Ultra-fast reject -3.4%
2026-04-09T08:21:36.335Z,PETE,0.000004199,0.000004054239490973703,-3.45%,0.02 SOL,0.3min,Ultra-fast reject -3.4%
2026-04-09T09:00:16.637Z,Setushi,0.000001388,0.000001225513780171572,-11.71%,0.02 SOL,2.2min,Standard bleed -11.7%
2026-04-09T09:35:37.062Z,KAI,0.00000181,0.0000016415976084542277,-9.30%,0.02 SOL,4.1min,Standard bleed -9.3%
2026-04-09T12:46:53.123Z,Throat,0.000001249,0.0000014461421643528878,15.78%,0.02 SOL,5.9min,TP1 +15.8%
2026-04-09T12:50:13.236Z,Throat,0.000001249,0.0000015661939622325036,25.40%,0.02 SOL,9.3min,Trail -8.8% from peak
2026-04-09T14:01:43.691Z,GURA,0.000001394,0.0000012453020282937113,-10.67%,0.02 SOL,0.0min,Ultra-fast reject -10.7%
2026-04-09T14:08:08.699Z,MOODUANG,0.000002132,0.000002059149568648428,-3.42%,0.02 SOL,0.1min,Ultra-fast reject -3.4%
2026-04-09T14:42:58.880Z,MOODUANG,0.000002013,0.0000023365193118112567,16.07%,0.02 SOL,0.3min,TP1 +16.1%
2026-04-09T14:43:08.898Z,MOODUANG,0.000002013,0.0000021316160474885495,5.89%,0.02 SOL,0.5min,Trail -8.8% from peak
2026-04-09T15:52:49.344Z,MooYor,0.000001417,0.0000016776004748650414,18.39%,0.02 SOL,3.6min,TP1 +18.4%
2026-04-09T15:54:24.373Z,MooYor,0.000001417,0.0000015385667961285104,8.58%,0.02 SOL,5.2min,Trail -8.3% from peak
2026-04-09T16:39:44.781Z,GENZ,0.000001467,0.0000017428106785659146,18.80%,0.02 SOL,1.8min,TP1 +18.8%
2026-04-09T16:42:44.996Z,GENZ,0.000001467,0.0000022198766521934887,51.32%,0.02 SOL,4.8min,TP2 +51.3%
2026-04-09T18:05:55.450Z,GARLIC,7.279e-7,5.796158533941846e-7,-20.37%,0.02 SOL,0.1min,Ultra-fast reject -20.4%
2026-04-09T19:44:38.253Z,Tilly G,0.00000116,0.0000013588878008153328,17.15%,0.02 SOL,1.7min,TP1 +17.1%
2026-04-09T19:46:03.262Z,Tilly G,0.00000116,0.0000013018680108489002,12.23%,0.02 SOL,3.1min,Trail -12.8% from peak
2026-04-09T20:24:38.593Z,ETFPEPE,0.000003802,0.000004376292157241902,15.11%,0.02 SOL,4.6min,TP1 +15.1%
2026-04-09T20:27:23.753Z,ETFPEPE,0.000003802,0.00000386289544167122,1.60%,0.02 SOL,7.4min,Trail -11.7% from peak
2026-04-10T00:44:16.555Z,Stoic,0.000002086,0.0000020137096717922015,-3.47%,0.02 SOL,0.5min,Ultra-fast reject -3.5%
2026-04-10T01:21:36.719Z,CHITOSHI,0.000004457,0.000004021461970435694,-9.77%,0.02 SOL,0.0min,Ultra-fast reject -9.8%
2026-04-10T03:33:47.672Z,Sora,0.000001389,0.0000013429546585949097,-3.31%,0.02 SOL,0.0min,Ultra-fast reject -3.3%
2026-04-10T04:08:12.958Z,ETF,0.00000189,0.0000018076621640093818,-4.36%,0.02 SOL,0.1min,Ultra-fast reject -4.4%
2026-04-10T06:18:03.720Z,HappyHorse,0.000007919,0.0000067378811780969645,-14.91%,0.02 SOL,0.0min,Ultra-fast reject -14.9%
2026-04-10T08:27:14.611Z,SBTI,0.00003392,0.00003282438631083679,-3.23%,0.02 SOL,0.6min,Ultra-fast reject -3.2%
2026-04-10T10:58:40.659Z,TRUMPY,0.000001683,0.0000015655434425556584,-6.98%,0.02 SOL,0.5min,Ultra-fast reject -7.0%
2026-04-10T14:25:56.885Z,SPAX,0.000001159,0.0000013369876371729385,15.36%,0.02 SOL,0.3min,TP1 +15.4%
2026-04-10T14:26:26.839Z,SPAX,0.000001159,0.0000012910583960993005,11.39%,0.02 SOL,0.8min,Trail -10.3% from peak
2026-04-10T14:50:07.008Z,lolnt,0.000002183,0.000002015236466927986,-7.68%,0.02 SOL,0.9min,Ultra-fast reject -7.7%
2026-04-10T20:50:17.566Z,BOTS,0.000001271,0.0000012328191621451053,-3.00%,0.02 SOL,0.0min,Ultra-fast reject -3.0%
2026-04-10T20:59:04.602Z,BOTS,0.00000153,0.0000013949469026503992,-8.83%,0.02 SOL,0.4min,Ultra-fast reject -8.8%
2026-04-11T14:11:46.857Z,TripleC,0.000001475,0.0000014289726285724315,-3.12%,0.02 SOL,0.8min,Ultra-fast reject -3.1%
2026-04-11T16:08:47.884Z,Moritz ,0.000003513,0.000003280263788362685,-6.62%,0.02 SOL,0.4min,Ultra-fast reject -6.6%
2026-04-11T17:41:11.684Z,BABY,0.000001049,0.000001230980521963414,17.35%,0.02 SOL,1.1min,TP1 +17.3%
2026-04-11T17:42:26.703Z,BABY,0.000001049,0.0000016241470359701772,54.83%,0.02 SOL,2.3min,TP2 +54.8%
2026-04-11T18:18:23.573Z,BABY,0.000001234,0.0000014286943526002237,15.78%,0.02 SOL,1.7min,TP1 +15.8%
2026-04-11T18:18:33.584Z,BABY,0.000001234,0.0000013227040411813775,7.19%,0.02 SOL,1.9min,Trail -8.7% from peak
2026-04-11T19:06:47.326Z,BABY,0.000001299,0.000001250826586175777,-3.71%,0.02 SOL,0.2min,Ultra-fast reject -3.7%
2026-04-11T19:31:32.871Z,Trump,0.000001099,9.71356647530384e-7,-11.61%,0.02 SOL,0.1min,Ultra-fast reject -11.6%
2026-04-11T19:53:33.057Z,Trump,0.000001349,0.0000011449502666865095,-15.13%,0.02 SOL,0.1min,Ultra-fast reject -15.1%
2026-04-11T20:00:43.134Z,Ivunka,0.000001621,0.0000015627493680551751,-3.59%,0.02 SOL,0.1min,Ultra-fast reject -3.6%
2026-04-12T14:27:29.348Z,Wifejak,0.000003874,0.0000035992946685663213,-7.09%,0.02 SOL,3.7min,Standard bleed -7.1%
2026-04-12T15:34:09.801Z,YN,8.586e-7,9.951131106550505e-7,15.90%,0.02 SOL,4.1min,TP1 +15.9%
2026-04-12T15:40:04.841Z,YN,8.586e-7,9.268157760567411e-7,7.95%,0.02 SOL,10.1min,Trail -8.3% from peak
